{
    "hswish": {
        "1": {
            "split_points": [
                -3.0,
                -2.0,
                -1.0,
                0.0,
                1.0,
                2.0,
                3.0
            ],
            "coeff": [
                -0.0,
                -0.328125,
                0.0,
                0.328125,
                0.671875,
                1.0,
                1.328125,
                1.0
            ],
            "bias": [
                0.0,
                -1.0,
                -0.328125,
                0.0,
                0.0,
                -0.328125,
                -1.0,
                0.0
            ],
            "L1_loss": 0.022933556502364914,
            "L2_loss": 0.027742165735519176,
            "MSE": 0.0007696277596970142
        },
        "2": {
            "split_points": [
                -3.25,
                -1.75,
                -1.0,
                0.0,
                1.0,
                1.75,
                3.25
            ],
            "coeff": [
                -0.0,
                -0.25,
                0.046875,
                0.328125,
                0.671875,
                0.953125,
                1.25,
                1.0
            ],
            "bias": [
                0.0,
                -0.796875,
                -0.296875,
                0.0,
                0.0,
                -0.296875,
                -0.796875,
                0.0
            ],
            "L1_loss": 0.02238243969486671,
            "L2_loss": 0.027544973019342955,
            "MSE": 0.0007587255386363314
        },
        "3": {
            "split_points": [
                -3.125,
                -1.875,
                -0.875,
                0.125,
                1.125,
                2.0,
                3.0
            ],
            "coeff": [
                -0.0,
                -0.28125,
                0.046875,
                0.375,
                0.703125,
                1.015625,
                1.328125,
                1.0
            ],
            "bias": [
                0.0,
                -0.875,
                -0.28125,
                0.015625,
                -0.03125,
                -0.375,
                -1.0,
                0.0
            ],
            "L1_loss": 0.01707299008165241,
            "L2_loss": 0.021035458799681026,
            "MSE": 0.00044249052691307787
        },
        "4": {
            "split_points": [
                -3.1875,
                -1.875,
                -0.875,
                0.0,
                0.875,
                1.875,
                3.1875
            ],
            "coeff": [
                -0.0,
                -0.265625,
                0.046875,
                0.359375,
                0.640625,
                0.953125,
                1.265625,
                1.0
            ],
            "bias": [
                0.0,
                -0.859375,
                -0.28125,
                0.0,
                0.0,
                -0.28125,
                -0.859375,
                0.0
            ],
            "L1_loss": 0.016842857356230114,
            "L2_loss": 0.021107480496466813,
            "MSE": 0.0004455257329087269
        },
        "5": {
            "split_points": [
                -3.09375,
                -1.9375,
                -0.90625,
                0.03125,
                0.9375,
                1.90625,
                3.0625
            ],
            "coeff": [
                -0.0,
                -0.296875,
                0.03125,
                0.359375,
                0.65625,
                0.96875,
                1.296875,
                1.0
            ],
            "bias": [
                0.0,
                -0.921875,
                -0.296875,
                0.0,
                -0.0,
                -0.296875,
                -0.921875,
                0.0
            ],
            "L1_loss": 0.01760051150844289,
            "L2_loss": 0.02111222105699453,
            "MSE": 0.0004457258779594033
        },
        "6": {
            "split_points": [
                -3.015625,
                -2.046875,
                -1.078125,
                -0.046875,
                0.921875,
                1.90625,
                3.046875
            ],
            "coeff": [
                -0.0,
                -0.328125,
                -0.015625,
                0.3125,
                0.640625,
                0.96875,
                1.296875,
                1.0
            ],
            "bias": [
                0.0,
                -1.015625,
                -0.375,
                -0.015625,
                0.0,
                -0.296875,
                -0.921875,
                0.0
            ],
            "L1_loss": 0.01509672664301774,
            "L2_loss": 0.018911673792511723,
            "MSE": 0.00035765140563437473
        },
        "7": {
            "split_points": [
                -3.0390625,
                -1.9921875,
                -1.109375,
                -0.2265625,
                0.6015625,
                1.6640625,
                3.1015625
            ],
            "coeff": [
                -0.0,
                -0.3125,
                -0.015625,
                0.28125,
                0.5625,
                0.875,
                1.25,
                1.0
            ],
            "bias": [
                0.0,
                -0.96875,
                -0.375,
                -0.046875,
                0.015625,
                -0.171875,
                -0.796875,
                0.0
            ],
            "L1_loss": 0.01692520680611377,
            "L2_loss": 0.021508182689113798,
            "MSE": 0.0004626019225882945
        },
        "8": {
            "split_points": [
                -2.98828125,
                -1.93359375,
                -1.0078125,
                -0.046875,
                0.90625,
                1.953125,
                3.01953125
            ],
            "coeff": [
                -0.0,
                -0.3125,
                0.015625,
                0.328125,
                0.640625,
                0.96875,
                1.3125,
                1.0
            ],
            "bias": [
                -0.0,
                -0.96875,
                -0.328125,
                -0.015625,
                0.0,
                -0.296875,
                -0.96875,
                0.0
            ],
            "L1_loss": 0.013729570351236304,
            "L2_loss": 0.017008841552265917,
            "MSE": 0.0002893006909500877
        },
        "9": {
            "split_points": [
                -3.0234375,
                -1.958984375,
                -0.990234375,
                -0.052734375,
                0.73046875,
                1.748046875,
                3.08984375
            ],
            "coeff": [
                -0.0,
                -0.3125,
                0.015625,
                0.328125,
                0.609375,
                0.90625,
                1.265625,
                1.0
            ],
            "bias": [
                0.0,
                -0.96875,
                -0.328125,
                -0.015625,
                0.0,
                -0.21875,
                -0.84375,
                0.0
            ],
            "L1_loss": 0.014447830108219673,
            "L2_loss": 0.018012015784430586,
            "MSE": 0.0003244327126185766
        },
        "10": {
            "split_points": [
                -3.099609375,
                -1.65625,
                -0.7080078125,
                0.1962890625,
                1.23828125,
                2.1630859375,
                3.0234375
            ],