{"hswish": {"1": {"split_points": [-3.0, -2.0, -1.5, -0.5, 0.0, 1.0, 2.5], "coeff": [-0.0, -0.328125, -0.078125, 0.171875, 0.421875, 0.671875, 1.078125, 1.0], "bias": [0.0, -1.0, -0.5, -0.125, 0.0, 0.0, -0.421875, -0.203125], "L1_loss": 0.04239599869775097, "L2_loss": 0.06927849603424704, "MSE": 0.004799510012767184}, "2": {"split_points": [-3.0, -2.0, -0.75, 0.25, 1.0, 2.0, 3.0], "coeff": [-0.0, -0.328125, 0.046875, 0.421875, 0.703125, 1.0, 1.328125, 1.0], "bias": [0.0, -1.0, -0.25, 0.03125, -0.046875, -0.328125, -1.0, 0.0], "L1_loss": 0.020842189458602767, "L2_loss": 0.02682384272733617, "MSE": 0.0007195185386608656}, "3": {"split_points": [-3.0, -2.0, -1.125, -0.125, 0.875, 1.875, 3.0], "coeff": [-0.0, -0.328125, -0.015625, 0.296875, 0.625, 0.953125, 1.3125, 1.0], "bias": [0.0, -1.0, -0.375, -0.03125, 0.015625, -0.28125, -0.9375, 0.0], "L1_loss": 0.018324814885685672, "L2_loss": 0.023347935254990012, "MSE": 0.0005451260806712054}, "4": {"split_points": [-2.9375, -1.875, -0.875, 0.125, 1.125, 2.0, 3.0], "coeff": [-0.0, -0.296875, 0.046875, 0.375, 0.703125, 1.015625, 1.328125, 1.0], "bias": [-0.03125, -0.921875, -0.28125, 0.015625, -0.03125, -0.375, -1.0, 0.0], "L1_loss": 0.01779475202179158, "L2_loss": 0.021069052133409996, "MSE": 0.0004439049578003483}, "5": {"split_points": [-3.0, -2.0, -1.125, -0.125, 0.90625, 1.8125, 3.0], "coeff": [-0.0, -0.328125, -0.015625, 0.296875, 0.625, 0.953125, 1.296875, 1.0], "bias": [0.0, -1.0, -0.375, -0.03125, 0.015625, -0.28125, -0.90625, 0.0], "L1_loss": 0.0173019357596878, "L2_loss": 0.02186057112684879, "MSE": 0.00047788456999201505}, "6": {"split_points": [-2.953125, -1.953125, -0.90625, 0.046875, 1.015625, 1.921875, 3.0], "coeff": [-0.0, -0.3125, 0.03125, 0.359375, 0.671875, 0.984375, 1.3125, 1.0], "bias": [-0.015625, -0.96875, -0.296875, 0.0, -0.015625, -0.328125, -0.96875, 0.0], "L1_loss": 0.014699950229153927, "L2_loss": 0.01738612943225511, "MSE": 0.00030227749663512744}, "7": {"split_points": [-2.9296875, -1.875, -0.78125, 0.171875, 0.9921875, 1.9453125, 2.96875], "coeff": [-0.0, -0.296875, 0.0625, 0.40625, 0.6875, 0.984375, 1.3125, 1.0], "bias": [-0.03125, -0.921875, -0.25, 0.015625, -0.03125, -0.328125, -0.96875, -0.015625], "L1_loss": 0.017468614792219648, "L2_loss": 0.020008130656343312, "MSE": 0.000400325292361305}, "8": {"split_points": [-3.0, -1.734375, -0.83984375, 0.0546875, 1.0, 2.0234375, 2.9921875], "coeff": [-0.0, -0.28125, 0.078125, 0.375, 0.671875, 1.0, 1.328125, 1.0], "bias": [0.0, -0.875, -0.25, 0.0, -0.015625, -0.34375, -1.015625, -0.0], "L1_loss": 0.01386668178073387, "L2_loss": 0.01787037317259517, "MSE": 0.0003193502373278091}, "9": {"split_points": [-3.0, -1.734375, -0.630859375, 0.3515625, 1.26953125, 2.109375, 3.0], "coeff": [-0.0, -0.28125, 0.109375, 0.453125, 0.765625, 1.0625, 1.34375, 1.0], "bias": [0.0, -0.875, -0.1875, 0.03125, -0.078125, -0.453125, -1.0625, 0.0], "L1_loss": 0.016163516705832475, "L2_loss": 0.020883469511659317, "MSE": 0.00043611929884440425}, "10": {"split_points": [-2.9873046875, -1.8994140625, -0.765625, 0.166015625, 0.98046875, 1.966796875, 2.9541015625], "coeff": [-0.0, -0.3125, 0.0625, 0.40625, 0.6875, 0.984375, 1.3125, 1.0], "bias": [-0.0, -0.953125, -0.25, 0.015625, -0.03125, -0.328125, -0.96875, -0.015625], "L1_loss": 0.015852968842528715, "L2_loss": 0.019074435529284135, "MSE": 0.0003638340907608169}, "11": {"split_points": [-2.97802734375, -1.9404296875, -0.99853515625, -0.16064453125, 0.85546875, 1.81005859375, 2.98876953125], "coeff": [-0.0, -0.3125, 0.015625, 0.3125, 0.609375, 0.9375, 1.296875, 1.0], "bias": [-0.015625, -0.96875, -0.328125, -0.03125, 0.015625, -0.265625, -0.90625, -0.0], "L1_loss": 0.01600223518688861, "L2_loss": 0.019738472998615277, "MSE": 0.0003896073163170644}, "12": {"split_points": [-2.98779296875, -1.93115234375, -1.095947265625, -0.04443359375, 0.900634765625, 1.953125, 2.957763671875], "coeff": [-0.0, -0.3125, -0.0, 0.3125, 0.640625, 0.96875, 1.3125, 1.0], "bias": [-0.0, -0.96875, -0.359375, -0.015625, 0.0, -0.296875, -0.96875, -0.015625], "L1_loss": 0.014950194775293312, "L2_loss": 0.018070962433062495, "MSE": 0.000326559683257156}, "13": {"split_points": [-2.9986572265625, -2.0166015625, -0.999755859375, 0.1324462890625, 1.085205078125, 1.956787109375, 2.957275390625], "coeff": [-0.0, -0.328125, -0.0, 0.359375, 0.703125, 1.0, 1.3125, 1.0], "bias": [-0.0, -1.015625, -0.34375, 0.015625, -0.03125, -0.359375, -0.96875, -0.015625], "L1_loss": 0.01546570053432645, "L2_loss": 0.019334786785900768, "MSE": 0.00037383398005624293}}}