{
    "hswish": {
        "0": {
            "split_points": [
                -3.0,
                -2.0,
                -2.0,
                -1.0,
                -0.0,
                1.0,
                1.0
            ],
            "coeff": [
                0.0,
                -0.35904523730278015,
                -0.1193179190158844,
                0.11403809487819672,
                0.3473019301891327,
                0.5818538069725037,
                0.8215988576412201,
                1.1379534602165222
            ],
            "bias": [
                0.0,
                -1.0983424186706543,
                -0.5698068737983704,
                -0.21827498078346252,
                -0.030153945088386536,
                -0.005426466464996338,
                -0.15069283545017242,
                -0.5737210065126419
            ]
        },
        "1": {
            "split_points": [
                -3.0,
                -2.0,
                -1.5,
                -1.0,
                -0.0,
                0.5,
                1.5
            ],
            "coeff": [
                0.0,
                -0.35904523730278015,
                -0.1193179190158844,
                0.11403809487819672,
                0.3473019301891327,
                0.5818538069725037,
                0.8215988576412201,
                1.1379534602165222
            ],
            "bias": [
                0.0,
                -1.0983424186706543,
                -0.5698068737983704,
                -0.21827498078346252,
                -0.030153945088386536,
                -0.005426466464996338,
                -0.15069283545017242,
                -0.5737210065126419
            ]
        },
        "2": {
            "split_points": [
                -3.0,
                -2.25,
                -1.5,
                -0.75,
                -0.0,
                0.5,
                1.25
            ],
            "coeff": [
                0.0,
                -0.35904523730278015,
                -0.1193179190158844,
                0.11403809487819672,
                0.3473019301891327,
                0.5818538069725037,
                0.8215988576412201,
                1.1379534602165222
            ],
            "bias": [
                0.0,
                -1.0983424186706543,
                -0.5698068737983704,
                -0.21827498078346252,
                -0.030153945088386536,
                -0.005426466464996338,
                -0.15069283545017242,
                -0.5737210065126419
            ]
        },
        "3": {
            "split_points": [
                -3.0,
                -2.25,
                -1.5,
                -0.75,
                -0.125,
                0.625,
                1.375
            ],
            "coeff": [
                0.0,
                -0.35904523730278015,
                -0.1193179190158844,
                0.11403809487819672,
                0.3473019301891327,
                0.5818538069725037,
                0.8215988576412201,
                1.1379534602165222
            ],
            "bias": [
                0.0,
                -1.0983424186706543,
                -0.5698068737983704,
                -0.21827498078346252,
                -0.030153945088386536,
                -0.005426466464996338,
                -0.15069283545017242,
                -0.5737210065126419
            ]
        },
        "4": {
            "split_points": [
                -3.0625,
                -2.1875,
                -1.5,
                -0.8125,
                -0.125,
                0.625,
                1.3125
            ],
            "coeff": [
                0.0,
                -0.35904523730278015,
                -0.1193179190158844,
                0.11403809487819672,
                0.3473019301891327,
                0.5818538069725037,
                0.8215988576412201,
                1.1379534602165222
            ],
            "bias": [
                0.0,
                -1.0983424186706543,
                -0.5698068737983704,
                -0.21827498078346252,
                -0.030153945088386536,
                -0.005426466464996338,
                -0.15069283545017242,
                -0.5737210065126419
            ]
        },
        "5": {
            "split_points": [
                -3.0625,
                -2.21875,
                -1.5,
                -0.8125,
                -0.09375,
                0.59375,
                1.34375
            ],
            "coeff": [
                0.0,
                -0.35904523730278015,
                -0.1193179190158844,
                0.11403809487819672,
                0.3473019301891327,
                0.5818538069725037,
                0.8215988576412201,
                1.1379534602165222
            ],
            "bias": [
                0.0,
                -1.0983424186706543,
                -0.5698068737983704,
                -0.21827498078346252,
                -0.030153945088386536,
                -0.005426466464996338,
                -0.15069283545017242,
                -0.5737210065126419
            ]
        },
        "6": {
            "split_points": [
                -3.0625,
                -2.203125,
                -1.5,
                -0.8125,
                -0.109375,
                0.609375,
                1.34375
            ],
            "coeff": [
                0.0,
                -0.35904523730278015,
                -0.1193179190158844,
                0.11403809487819672,
                0.3473019301891327,
                0.5818538069725037,
                0.8215988576412201,
                1.1379534602165222
            ],
            "bias": [
                0.0,
                -1.0983424186706543,
                -0.5698068737983704,
                -0.21827498078346252,
                -0.030153945088386536,
                -0.005426466464996338,
                -0.15069283545017242,
                -0.5737210065126419
            ]
        }
    }
}